{
    "similarity": [
        0.9980567971805634,
        0.9980677474049555,
        0.998040422043068,
        0.9980286001219207,
        0.9980455084000932,
        0.998071085540515,
        0.9980473483722001,
        0.9980380407873742,
        0.9980465469541793,
        0.998043860451856,
        0.9980392213678604,
        0.9980395472492067,
        0.9980476435647572,
        0.9980089215403707,
        0.9981511574330462,
        0.9981559794386962,
        0.9981670873992577,
        0.9981761008003002,
        0.9981774674296318,
        0.9981673150576409,
        0.9981549077251851,
        0.9981533532900759
    ],
    "refid": [
        1,
        2,
        3,
        4,
        5,
        6,
        7,
        8,
        9,
        10,
        11,
        12,
        13,
        14,
        15,
        16,
        17,
        18,
        19,
        20,
        21,
        22
    ],
    "detected": [
        0,
        0,
        0,
        0,
        0,
        0,
        0,
        0,
        0,
        0,
        0,
        0,
        0,
        0,
        0,
        0,
        0,
        0,
        0,
        0,
        0,
        0
    ]
}