{
    "similarity": [
        0.9985934826287781,
        0.9986035039310911,
        0.9986779097684566,
        0.9987594768515243,
        0.9987095345289855,
        0.9987461460436543,
        0.9987783664112275,
        0.9987760602967484,
        0.9987499571459065,
        0.998759688270311,
        0.998771438699642,
        0.9987615128552165,
        0.9986155473108074,
        0.9113770160443506,
        0.913018368065666,
        0.9136829194875553,
        0.9132172999673371,
        0.9987557925500541,
        0.9986802275979064,
        0.9987545742460242,
        0.9987670827955071,
        0.9987793996107938,
        0.9987756294649088,
        0.9987729391071111,
        0.9987703102589224,
        0.99876038447993,
        0.998765465260052,
        0.9987780255890027,
        0.998765141926529,
        0.9987603372510561,
        0.998764890816356,
        0.9987808144024114,
        0.998743177518121
    ],
    "refid": [
        0,
        1,
        2,
        3,
        4,
        5,
        6,
        7,
        8,
        9,
        10,
        11,
        12,
        13,
        13,
        13,
        13,
        13,
        18,
        19,
        20,
        21,
        22,
        23,
        24,
        25,
        26,
        27,
        28,
        29,
        30,
        31,
        32
    ],
    "detected": [
        0,
        0,
        0,
        0,
        0,
        0,
        0,
        0,
        0,
        0,
        0,
        0,
        0,
        1,
        1,
        1,
        1,
        0,
        0,
        0,
        0,
        0,
        0,
        0,
        0,
        0,
        0,
        0,
        0,
        0,
        0,
        0,
        0
    ]
}