{
    "similarity": [
        0.8444124498296443,
        0.8486884226056514,
        0.8489067348473572,
        0.9213422468181417,
        0.9055020053534082,
        0.9041712401586685,
        0.8985368012006605,
        0.9026168091480339,
        0.9023203221761746,
        0.9025888988625974,
        0.9025151029280529,
        0.9024019154424426
    ],
    "refid": [
        0,
        0,
        0,
        0,
        0,
        0,
        0,
        0,
        0,
        0,
        0,
        0
    ],
    "detected": [
        1,
        1,
        1,
        1,
        1,
        1,
        1,
        1,
        1,
        1,
        1,
        1
    ]
}