{
    "similarity": [
        0.9989874221618379,
        0.9989806211275666,
        0.9989633052233652,
        0.9989729051189529,
        0.9989732151855077,
        0.9989686481328935,
        0.9989719029837295,
        0.9989857212833878,
        0.9656863439797876,
        0.9809827455554023,
        0.9983299585230178,
        0.9985933948821976,
        0.9831790689074342,
        0.9989737573930467
    ],
    "refid": [
        1,
        2,
        3,
        4,
        5,
        6,
        7,
        8,
        8,
        10,
        11,
        12,
        13,
        14
    ],
    "detected": [
        0,
        0,
        0,
        0,
        0,
        0,
        0,
        0,
        1,
        0,
        0,
        0,
        0,
        0
    ]
}