{
    "similarity": [
        0.9990752176031681,
        0.9990822329954091,
        0.999081093668938,
        0.9990855712466858,
        0.9990781864825349,
        0.9990800493372156,
        0.999080213501607,
        0.9990872841048122,
        0.999079406870799,
        0.9990830878874979,
        0.9990713251100847,
        0.9990671288595774,
        0.9990356588599506,
        0.9991222922067543,
        0.9991267651742581,
        0.9004099748368528,
        0.956669350497986,
        0.9874839310891885,
        0.989270885152613,
        0.9991013360645955,
        0.9991025774474995,
        0.9991067622584088
    ],
    "refid": [
        1,
        2,
        3,
        4,
        5,
        6,
        7,
        8,
        9,
        10,
        11,
        12,
        13,
        14,
        15,
        15,
        15,
        18,
        19,
        20,
        21,
        22
    ],
    "detected": [
        0,
        0,
        0,
        0,
        0,
        0,
        0,
        0,
        0,
        0,
        0,
        0,
        0,
        0,
        0,
        1,
        1,
        0,
        0,
        0,
        0,
        0
    ]
}